{
  "mouse": {
    "leftClicks": 15,
    "rightClicks": 0,
    "totalClicks": 15,
    "doubleClicks": 0,
    "totalScrolls": 0,
    "clickIntervals": [
      8817,
      199233,
      6959,
      5458,
      3633,
      2034,
      3142,
      491,
      11683,
      2699,
      76768,
      42142,
      8416,
      1617,
      3826,
      1700,
      7274,
      1226,
      3107,
      393,
      2030,
      2044,
      2326,
      143207,
      2217,
      393899,
      61433,
      3300,
      36583,
      1001,
      36966,
      2667,
      29843,
      6000,
      18056,
      21367,
      1650,
      4633,
      967,
      1667,
      1167,
      574,
      1209,
      4266,
      2068,
      583,
      755,
      2146,
      2267,
      2533
    ],
    "distancePixels": 27,
    "movementPattern": {
      "smooth": true,
      "avgSpeed": 0.10304009458743188,
      "maxSpeed": 1.4142135623730951
    },
    "distancePerMinute": 27.336365253119414
  },
  "keyboard": {
    "uniqueKeys": 0,
    "typingRhythm": {
      "consistent": true,
      "avgIntervalMs": 8330.452702702703,
      "stdDeviationMs": 29640.97465738357
    },
    "keysPerMinute": 0,
    "totalKeystrokes": 0,
    "keystrokeIntervals": [
      2383,
      830,
      1418,
      352,
      502,
      195,
      236,
      781,
      681,
      582,
      256,
      582,
      302,
      1049,
      2019,
      68,
      554,
      265,
      492,
      1085,
      352,
      1079,
      313,
      679,
      960,
      448,
      585,
      460,
      606,
      12,
      2208,
      48,
      226,
      1321,
      407,
      1591,
      808,
      103338,
      384,
      369,
      553,
      654,
      342,
      197,
      405,
      276,
      5,
      422,
      580,
      312,
      417,
      453,
      159,
      374,
      1204,
      1135,
      1360,
      197,
      435,
      155,
      6245,
      40,
      1308,
      1629,
      1,
      1313,
      12,
      1202,
      337,
      419,
      367,
      350,
      385,
      472,
      813,
      10,
      685,
      62644,
      360,
      705,
      921,
      8845,
      208,
      133409,
      270,
      921,
      40977,
      925,
      72870,
      6184,
      1172,
      66336,
      152588,
      473,
      2137,
      136921,
      1445,
      204066,
      489,
      1084
    ],
    "navigationKeystrokes": 0,
    "productiveKeystrokes": 0,
    "productiveUniqueKeys": 0
  },
  "metadata": {
    "version": "1.0",
    "calculatedAt": "2025-08-21T19:20:00.098Z",
    "calculationTimeMs": 1
  },
  "timeMetrics": {
    "idleSeconds": 0.0020000000000024443,
    "activeSeconds": 60,
    "activityPercentage": 99.99666677777407,
    "periodDurationSeconds": 60.002
  },
  "botDetection": {
    "details": [
      "Mouse movement in perfectly straight lines"
    ],
    "confidence": 0.2,
    "penaltyApplied": 0,
    "mouseBotDetected": false,
    "repetitivePatterns": 0,
    "keyboardBotDetected": false,
    "suspiciousIntervals": 1
  },
  "classification": {
    "tags": [
      "highly_engaged",
      "consistent_typing"
    ],
    "category": "moderate",
    "confidence": 0.8
  },
  "scoreCalculation": {
    "formula": "(keyboard[0.0] + mouse[15.1] + consistency[20] + time[10.0]) * (1 - penalties[0.00]) = 45",
    "rawScore": 45,
    "penalties": {
      "botPenalty": 0,
      "idlePenalty": 0,
      "suspiciousActivityPenalty": 0
    },
    "components": {
      "mouseScore": 15.054672730506239,
      "keyboardScore": 0,
      "consistencyScore": 20,
      "activityTimeScore": 9.999666677777407
    },
    "finalScore": 45
  }
}